{"cameraMode":{"drawMode":0,"name":"Shaded","section":"Shading Mode"},"sceneLighting":true,"audioPlay":false,"sceneViewState":{"showFog":true,"showMaterialUpdate":false,"showSkybox":false,"showFlares":true,"showImageEffects":true,"showParticleSystems":true},"in2DMode":false,"pivot":{"x":0.0,"y":0.13999998569488526,"z":1.0220000743865967},"rotation":{"x":-0.012080923654139042,"y":-0.19169439375400544,"z":0.002359823090955615,"w":-0.9813786745071411},"size":8.094560623168946,"orthographic":false}